first_name,last_name,phone_number,email
Bengt,Boynton,426-733-6173,
Raychel,Hixson,492-271-3970,
Elissa,Emmert,491-722-4246,
Dennie,Kilmister,997-265-4123,
Eb,Boxell,608-220-6653,
Idalia,Filipputti,253-868-6354,ifilipputti5@salon.com
Rosita,Rapinett,604-660-4904,rrapinett6@opera.com
Myrle,Cairney,348-858-0481,mcairney7@edublogs.org
Engracia,Treswell,552-125-6487,etreswell8@ibm.com
Candis,Frood,897-951-5742,cfrood9@craigslist.org
Sergeant,Thraves,509-416-3168,sthravesa@discuz.net
Bale,Whittam,735-629-8487,bwhittamb@google.co.jp
Marius,Edmed,423-528-5439,medmedc@cnet.com
Northrup,Taffs,972-294-0130,ntaffsd@photobucket.com
Florina,Dodsley,109-195-7822,fdodsleye@quantcast.com
Sallyanne,Rickersy,958-549-1624,srickersyf@unesco.org
Rickey,Aisthorpe,907-143-4504,
Marlowe,Burchett,386-422-3024,mburchetth@indiatimes.com
Douglas,Brennans,423-985-4382,
Darbee,Carwithim,345-269-7483,dcarwithimj@google.de
Cherise,Cracknall,454-122-5733,ccracknallk@intel.com
Darryl,Rake,927-598-0372,drakel@rakuten.co.jp
Ashia,Anwyl,499-800-0587,aanwylm@miibeian.gov.cn
Marketa,Bockings,841-826-7896,mbockingsn@acquirethisname.com
Pia,Burditt,211-375-2747,pburditto@zimbio.com
Crystal,Paynton,758-488-9783,cpayntonp@vk.com
Tildi,Ducker,241-341-8225,tduckerq@google.de
Bobby,Dmych,763-633-9557,bdmychr@about.com
Welch,Hutt,512-218-5973,whutts@slate.com
Cortney,Drysdall,444-734-6494,cdrysdallt@w3.org
Belia,Tremeer,617-595-3607,btremeeru@google.cn
Abbe,Ruppertz,888-278-2153,aruppertzv@zimbio.com
Gibby,Lewsam,853-286-7947,glewsamw@fema.gov
Kort,Dutnell,485-171-3029,kdutnellx@cornell.edu
Kathryne,Bloan,756-574-1095,kbloany@360.cn
Crichton,Stonebanks,687-237-6058,
Shandy,O'Tuohy,703-659-7429,
Mychal,Batterbee,554-668-6831,mbatterbee11@ow.ly
Chic,Cockling,666-873-7729,ccockling12@cyberchimps.com
Ode,Itzakson,802-461-2139,oitzakson13@java.com
Donia,Constantinou,766-164-9967,dconstantinou14@forbes.com
Benedict,Bremmell,968-710-6684,bbremmell15@joomla.org
Haven,Minichillo,530-791-3773,hminichillo16@mlb.com
Mohandis,Reith,556-488-8655,mreith17@zimbio.com
Vivie,Feake,817-236-4004,vfeake18@over-blog.com
Jeri,Esson,131-732-9885,
Alfi,O'Corrin,501-790-4203,aocorrin1a@ox.ac.uk
Barbe,Karoly,938-664-4385,bkaroly1b@mozilla.org
Ingar,Jayume,825-825-8445,ijayume1c@ycombinator.com
Guido,Pegden,607-857-0160,gpegden1d@photobucket.com
Cos,Ochterlony,603-877-8400,cochterlony1e@msu.edu
Susan,Timmis,769-996-6241,stimmis1f@edublogs.org
Raddy,Songest,572-969-2846,rsongest1g@altervista.org
Jasmina,Duffyn,364-413-6134,jduffyn1h@amazon.com
Sutherlan,Seldon,621-821-7105,
Cammi,Hartlebury,228-830-0151,chartlebury1j@icq.com
Ellyn,Stithe,185-633-0656,
Jecho,Simpkiss,386-366-6052,jsimpkiss1l@senate.gov
Burke,Ceschelli,820-606-8654,bceschelli1m@latimes.com
Chris,Rosas,657-881-3080,crosas1n@tripadvisor.com
Edik,Kemmer,917-527-2088,ekemmer1o@zdnet.com
Quintina,De Rye Barrett,273-508-9250,qderyebarrett1p@cdc.gov
Charin,Hefferan,684-178-5494,
Roland,Coneley,623-251-3959,rconeley1r@jalbum.net
Hewe,Argile,435-651-1828,hargile1s@geocities.com
Rafferty,Lody,545-200-8400,rlody1t@amazon.co.uk
Desdemona,Adcocks,504-194-5964,dadcocks1u@nbcnews.com
Elyse,Skoggings,718-974-2190,eskoggings1v@example.com
Delaney,Demeza,123-308-7793,ddemeza1w@google.co.jp
Bernice,Glanert,365-647-5245,bglanert1x@apache.org
Ty,Wigginton,257-618-6952,
Marjory,Rehorek,426-340-6277,mrehorek1z@msn.com
Richart,Yokel,683-926-0189,ryokel20@w3.org
Tracie,Whysall,321-909-7599,twhysall21@cargocollective.com
Kennedy,Golsworthy,159-996-4564,
Zachary,Arnfield,145-593-3635,zarnfield23@bandcamp.com
Cyrill,Butter,319-234-5922,cbutter24@tinypic.com
El,Siviter,276-861-7251,
Tim,Hourihan,203-496-6540,
Eimile,Knightsbridge,485-581-7709,
Andonis,Wratten,647-441-6724,awratten28@hubpages.com
Gerhardine,Le Fleming,846-458-4771,
Nike,Pache,618-572-1251,npache2a@photobucket.com
Pierre,Elflain,833-920-5163,pelflain2b@thetimes.co.uk
Ricardo,Sabbins,110-566-8223,
Pen,Sandcraft,459-260-1334,psandcraft2d@cdc.gov
Garik,Yelyashev,954-465-4488,gyelyashev2e@usgs.gov
Erika,Gilbank,562-586-3323,
Leopold,Chorlton,655-719-1782,
Barty,Romeril,841-720-9503,bromeril2h@livejournal.com
Averill,Purchase,441-849-4964,apurchase2i@slashdot.org
Anthony,Breckell,700-272-0854,
Bobby,Rozenbaum,691-346-3522,brozenbaum2k@rakuten.co.jp
Hallsy,Alabastar,891-163-6555,halabastar2l@blinklist.com
Kora,Reuther,201-377-9625,kreuther2m@oaic.gov.au
Gloria,Crinidge,345-966-8832,gcrinidge2n@about.me
Marshal,MacGorrie,469-166-0230,mmacgorrie2o@examiner.com
Lezlie,Gillbe,900-319-6751,lgillbe2p@google.cn
Sarah,Stanett,313-977-8602,sstanett2q@blogger.com
Ferris,Pigny,129-655-7911,fpigny2r@miitbeian.gov.cn
Irving,Woodroffe,769-121-2634,iwoodroffe2s@un.org
Lyn,Ferschke,929-261-0161,lferschke2t@samsung.com
Booth,Stocken,275-985-6136,bstocken2u@hud.gov
Kassandra,Rymill,765-462-4985,krymill2v@moonfruit.com
Riobard,Keeves,553-699-1751,rkeeves2w@home.pl
Joanne,Bingall,860-946-3392,jbingall2x@ucla.edu
Terra,Olivie,550-157-1701,tolivie2y@examiner.com
Lexie,Challenger,828-934-1272,lchallenger2z@reuters.com
Demeter,Rapley,485-156-8439,drapley30@howstuffworks.com
Lynelle,Cosgreave,626-289-2127,
Eugenie,Paull,310-726-5238,epaull32@ucoz.com
Linnea,Plaxton,260-694-7729,
Raimundo,Every,678-978-8411,
Jacqueline,Corneil,786-275-3151,
Madlin,Hentzeler,771-384-4945,mhentzeler36@zimbio.com
Bryanty,Grouer,758-543-2284,
Piper,Spering,689-605-0342,
Loren,Blackway,854-977-9643,lblackway39@chicagotribune.com
Lena,Ziehms,204-819-2534,lziehms3a@opensource.org
Sonnnie,Dallow,171-420-1816,sdallow3b@shop-pro.jp
Berkeley,Peverell,630-551-3668,bpeverell3c@usgs.gov
Padgett,Myott,447-923-4990,pmyott3d@newyorker.com
Louie,Romaint,583-552-6232,lromaint3e@webnode.com
Colly,Croll,991-494-4802,ccroll3f@quantcast.com
Glory,Ganley,612-593-0236,
Lonee,Pena,383-142-0015,lpena3h@nydailynews.com
Gothart,Padwick,330-708-1038,
Vitia,Cosh,748-447-3081,vcosh3j@tripod.com
Hanni,Rennebach,526-217-0437,hrennebach3k@princeton.edu
Wyndham,Brunsden,168-227-5340,wbrunsden3l@un.org
Dean,Gooke,223-284-4243,
Ollie,Fulun,893-752-3880,ofulun3n@gnu.org
Elfrida,Lainton,606-974-2356,elainton3o@dedecms.com
Ben,Garey,752-513-4996,
Mariellen,Pickthall,987-502-1981,mpickthall3q@yale.edu
Jaclyn,Shambrooke,515-285-1637,jshambrooke3r@shinystat.com
Barney,Brymham,449-477-9922,bbrymham3s@photobucket.com
De witt,King,381-327-8801,dking3t@linkedin.com
Jory,Shinn,976-816-1442,jshinn3u@unicef.org
Bastien,Brendeke,807-383-9599,bbrendeke3v@w3.org
Cull,Leason,272-170-7287,
Cecil,Fairchild,524-166-3384,cfairchild3x@yelp.com
Andreas,Rawsthorne,558-429-8946,arawsthorne3y@si.edu
Sasha,Sowray,194-340-4673,
Kaila,Landeaux,638-895-3790,
Aileen,Apple,804-198-2758,aapple41@stumbleupon.com
Cammi,De Bruyne,988-854-2447,cdebruyne42@cpanel.net
Pete,Carey,920-368-6135,pcarey43@storify.com
Marc,Gaggen,839-151-1145,mgaggen44@ow.ly
Leonore,Camble,310-393-8287,lcamble45@newsvine.com
Boigie,Blais,752-511-9498,
Durant,Arundel,764-274-6930,darundel47@tuttocitta.it
Edmund,MacFall,290-343-6923,emacfall48@about.me
Ethelind,Towle,166-319-9741,etowle49@dyndns.org
Melba,Matyushonok,678-966-6504,
Blakelee,Menghi,198-675-7122,bmenghi4b@walmart.com
Netta,Lobb,785-162-1062,nlobb4c@instagram.com
Joelynn,MacCafferty,415-653-9897,jmaccafferty4d@gravatar.com
Karleen,Harling,613-654-2419,kharling4e@arizona.edu
Gabriello,Bulstrode,227-928-0894,gbulstrode4f@cdc.gov
Heall,Huyghe,831-912-9387,hhuyghe4g@taobao.com
Molli,Buxy,567-824-0249,mbuxy4h@aboutads.info
Ardys,Rioch,759-869-8158,arioch4i@huffingtonpost.com
Anita,Knath,763-387-3223,aknath4j@upenn.edu
Armand,Hawksworth,908-712-9475,ahawksworth4k@skyrock.com
Rem,Cholerton,436-757-0558,rcholerton4l@hp.com
Patsy,Tudbald,245-491-5081,ptudbald4m@census.gov
Salvatore,Moreton,709-235-9882,smoreton4n@seesaa.net
Farrel,Kulicke,545-200-1684,
Mitzi,Postins,575-749-6704,mpostins4p@xing.com
Jdavie,Farquarson,328-932-2741,
Launce,Kwiek,580-900-7290,lkwiek4r@aol.com
Gustave,Bartolomeoni,591-691-2320,gbartolomeoni4s@answers.com
Amory,Meak,178-100-9453,ameak4t@ebay.co.uk
Jeremy,Bendley,164-926-0951,
Farrah,Hagerty,880-563-5799,fhagerty4v@businessweek.com
Claudetta,Diment,930-377-7619,cdiment4w@telegraph.co.uk
Loraine,Isaksen,132-516-7677,lisaksen4x@sogou.com
Merrie,Duncan,838-798-3955,mduncan4y@vimeo.com
Amalea,Hain,861-563-4890,ahain4z@dion.ne.jp
Sherman,Bertomeu,663-778-2967,sbertomeu50@mapquest.com
Jsandye,Kunc,942-755-3650,jkunc51@alibaba.com
Lisbeth,Mulbery,537-638-8614,lmulbery52@google.fr
Dominik,Guyonneau,129-524-3427,dguyonneau53@who.int
Corrine,Blenkinship,204-780-0073,cblenkinship54@google.com.br
Edithe,Goalby,887-177-7420,egoalby55@xrea.com
Netta,Southeran,443-971-2959,nsoutheran56@paginegialle.it
Nikolaos,Addey,101-222-9100,naddey57@time.com
Leonie,Chadbourn,621-825-9256,lchadbourn58@cyberchimps.com
Nealson,Battey,678-515-1711,nbattey59@timesonline.co.uk
Alie,Nyssen,295-922-5631,anyssen5a@yandex.ru
Michelle,Lauderdale,405-246-3634,
Rosabel,Winram,738-409-0524,rwinram5c@dropbox.com
Durant,Tabourier,623-867-7407,
Warner,Cyson,565-648-4335,wcyson5e@spiegel.de
Amberly,Bownde,900-705-4429,abownde5f@sakura.ne.jp
Zabrina,Brierton,607-814-6044,
Brook,Srawley,566-810-0246,bsrawley5h@angelfire.com
Barnaby,Limming,542-564-5941,blimming5i@kickstarter.com
Thomasa,Midghall,778-336-2505,tmidghall5j@tamu.edu
Maddi,Dymoke,612-621-8502,
Gussi,Rosenthal,733-967-0419,
Leilah,Banat,779-579-9066,
Margarete,Walkington,260-385-0654,mwalkington5n@salon.com
Hugibert,Rumming,251-857-5441,hrumming5o@storify.com
Ardenia,Gray,517-947-6765,
Carie,Loutheane,896-571-6340,
Aliza,Godney,212-992-4863,agodney5r@alibaba.com
Karoly,Feirn,158-347-8935,kfeirn5s@scribd.com
Aileen,Utton,474-279-1749,autton5t@indiegogo.com
Corinna,Vorley,369-546-4347,cvorley5u@cdbaby.com
Jehu,Ledwich,571-569-8381,jledwich5v@sina.com.cn
Cristy,Sabban,445-838-3874,csabban5w@jimdo.com
Linea,McIlroy,384-177-6853,
Port,Callaway,662-194-6863,
Shannon,Silbert,878-309-8592,
Kerby,Strainge,758-874-3637,kstrainge60@omniture.com
Gracia,Lilleman,598-829-8350,glilleman61@wp.com
Batholomew,Roome,719-628-3049,broome62@xing.com
Bernhard,Poter,720-583-5979,bpoter63@cbslocal.com
Fredi,Hamer,366-985-2739,fhamer64@homestead.com
Jeniffer,Searl,772-565-4157,jsearl65@amazon.de
Querida,Ren,135-550-5643,qren66@biblegateway.com
Aristotle,Rodrig,387-287-4956,arodrig67@wiley.com
Brigg,Barhem,651-410-5122,bbarhem68@surveymonkey.com
Xenos,Cuppitt,692-685-4364,xcuppitt69@techcrunch.com
Jandy,Aishford,562-144-4035,
Dallas,Pawlett,528-176-7847,dpawlett6b@msu.edu
Betsy,Ladson,613-901-4419,bladson6c@google.co.uk
Emanuele,Pinches,807-173-2402,
Cozmo,Abbatucci,522-810-0883,cabbatucci6e@com.com
Terri-jo,Statton,407-815-9928,tstatton6f@nydailynews.com
Roda,Davidovics,486-534-3413,rdavidovics6g@hatena.ne.jp
Edy,Kurten,404-643-3695,ekurten6h@aol.com
Lucio,McAulay,215-884-6862,lmcaulay6i@nps.gov
Gil,Skippen,839-392-6963,gskippen6j@google.co.uk
Loella,Marler,825-656-4768,lmarler6k@mediafire.com
Antonius,Haliday,413-770-2314,ahaliday6l@ocn.ne.jp
Ronna,Wimbush,930-853-7766,
Brandyn,Brunetti,196-312-6574,
Marney,Trodden,471-881-9853,mtrodden6o@google.de
Briney,Fallowfield,615-501-4317,bfallowfield6p@hubpages.com
Waiter,Ruvel,579-492-7354,wruvel6q@ovh.net
Fraser,Winscom,787-968-6117,fwinscom6r@yolasite.com
Elberta,Lipscombe,772-528-1822,
Tristam,Bras,930-442-4603,tbras6t@diigo.com
Jules,Falkingham,819-743-5087,jfalkingham6u@constantcontact.com
Horst,Jane,486-465-3507,
Annelise,Mashal,853-183-5323,amashal6w@ox.ac.uk
Odella,Appleby,711-289-5886,
Rutter,Lawden,887-206-1595,
Meggi,Febvre,452-644-5360,mfebvre6z@ucsd.edu
Gui,Blackham,761-209-6560,gblackham70@google.pl
Sheppard,Skillanders,279-223-4569,sskillanders71@mapquest.com
Zelda,Poad,642-611-3311,zpoad72@earthlink.net
Kahaleel,Gershom,848-302-4808,kgershom73@spiegel.de
Loni,Ropp,367-224-7504,lropp74@yolasite.com
Isaiah,Alesin,486-821-5626,ialesin75@stumbleupon.com
Sallee,Whales,512-381-3232,swhales76@de.vu
Inger,Garz,118-401-7318,igarz77@nih.gov
Malissa,Winders,808-661-9266,mwinders78@cnn.com
Minda,Kenwright,530-814-6603,mkenwright79@mac.com
Stormie,Edgeley,142-829-3386,sedgeley7a@slashdot.org
Sarita,Dehn,578-736-3254,sdehn7b@list-manage.com
Lyndel,Towson,647-395-5786,ltowson7c@nps.gov
Gerri,Vanlint,708-128-8448,gvanlint7d@usgs.gov
Ogdon,Bulter,745-263-5607,obulter7e@auda.org.au
Bertina,Sherrott,754-809-7805,bsherrott7f@1688.com
Ardene,Catenot,308-492-9414,acatenot7g@intel.com
Luca,Guinery,259-265-6218,lguinery7h@squarespace.com
Shelley,Meffan,510-357-8247,smeffan7i@biblegateway.com
Ram,Jedrzejewicz,994-675-9457,rjedrzejewicz7j@bbc.co.uk
Corinne,Hatchman,131-205-6419,chatchman7k@chicagotribune.com
Kiri,Marke,946-247-6559,kmarke7l@ning.com
Molly,Roddan,646-250-0461,mroddan7m@sakura.ne.jp
Sammy,Dulin,182-639-2961,sdulin7n@stumbleupon.com
Sarajane,Redgrave,722-623-6601,sredgrave7o@netvibes.com
Whittaker,Paprotny,648-970-5052,
Aile,MacPike,527-366-8681,amacpike7q@squidoo.com
Aindrea,Harvett,303-720-6773,aharvett7r@t-online.de
Husein,Glede,959-499-0944,hglede7s@thetimes.co.uk
Parker,Coulthard,952-241-6745,
Bruis,Oxborough,233-392-5860,boxborough7u@myspace.com
Gretta,Larn,346-136-8892,glarn7v@wufoo.com
Ingmar,Le Marchand,296-280-0947,ilemarchand7w@ezinearticles.com
Winn,Swede,390-930-0682,wswede7x@gravatar.com
Benedetta,Gerrens,444-685-4807,bgerrens7y@cloudflare.com
Moises,Eglington,366-298-5898,meglington7z@cisco.com
Tom,Divine,948-653-4283,
Frannie,Beagen,816-771-2799,fbeagen81@people.com.cn
Marabel,Jellings,585-635-9243,
Joshia,Macvey,460-162-5496,jmacvey83@ebay.co.uk
Bobina,Jansik,379-350-3004,bjansik84@mlb.com
Horton,Kelson,663-837-5742,hkelson85@auda.org.au
Aron,Shackleford,131-471-5270,ashackleford86@dot.gov
Noelyn,Slight,901-887-0364,
Sena,Capron,585-405-1799,scapron88@mtv.com
Arni,Leipelt,228-843-5497,
Glen,McLice,185-556-7991,
Demetria,McAughtrie,963-913-9485,dmcaughtrie8b@google.ca
